E_recoil_after_strip_MeV,theta_recoil_mrad,phi_recoil_rad
236.21991994406233,20.054341381329785,114.03300229551103
237.7062868568192,20.054341381329785,287.05156463978426
230.6574257601184,14.748572494890213,140.79943821668724
243.851524200675,14.748572494890213,119.81301403189843
231.5850363158794,16.415800006878662,67.22430681733681
242.80351011730093,16.415800006878662,242.19217584526368
230.93408196067332,15.010038793619769,89.36845726664556
243.80545864419096,15.010038793619769,341.59721465999456
235.16976778334637,19.6705356399278,34.52325681388035
239.16659626011187,19.6705356399278,159.0622798204126
235.43039313241025,19.73097536999514,251.08325995752796
239.10053746653895,19.73097536999514,117.53023106524037
234.99918859312456,19.575196292912043,79.24858399637503
239.400703494022,19.575196292912043,29.374045035194925
232.59513321312662,17.981934817825977,122.4360665836939
241.34723790024674,17.981934817825977,167.46953533273833
227.89255734546472,6.300375102153785,293.6795052329305
246.42178155012684,6.300375102153785,69.58598014421803
236.3003205220397,20.075043266363036,32.99931055617694
237.5370681692347,20.075043266363036,215.48448491936875
236.16847623212996,19.971015512810773,216.58364700973672
238.32471886447155,19.971015512810773,335.5158100089541
235.86835744176366,19.91219895045612,309.7984742615852
238.51040514773837,19.91219895045612,334.56160856711386
236.1784140078008,20.012230784799446,337.56226515639247
238.0360314967773,20.012230784799446,178.19565842837673
234.4636472566575,19.421624351511674,162.64033469091385
239.52863022330183,19.421624351511674,239.4140124238309
234.32669500243415,19.324746885641936,325.2434424509661
239.7205759502359,19.324746885641936,92.54670309955235
229.80510475867968,13.281684663608011,93.18722351145385
244.44197250941752,13.281684663608011,127.96073277994297
236.04796687883803,20.048721840946587,226.29763587588434
237.67851285129979,20.048721840946587,101.65777467304258
228.2254099132402,8.65660226779873,222.058431812297
245.87668631343905,8.65660226779873,63.477475301233234
229.57612911075867,12.756128305213766,158.71925191540248
244.652465720492,12.756128305213766,54.072842782572295
231.2445490465276,16.202702138635136,170.759921520076
242.80922264652023,16.202702138635136,171.4927878292291
235.65265899303574,19.925468257516062,107.1234965332973
238.30364750960942,19.925468257516062,100.46416313295599
230.89007736223328,15.58541943916182,173.79417340775368
243.22111123552872,15.58541943916182,76.31245308654381
234.4347558510626,19.337813364663557,88.65407729906552
239.7600597730706,19.337813364663557,301.8537548881001
232.52153377443858,17.892343596361357,310.3762649433251
241.4421549360687,17.892343596361357,64.18780014426748
232.86533606240695,17.941932750543476,220.00334537900346
241.60892701451624,17.941932750543476,75.29581257429864
233.8711439575348,18.858708086680394,89.7338050325685
240.57876628206944,18.858708086680394,30.805823515160874
234.30968219254143,19.22100169576291,193.3085991716408
239.99948645265383,19.22100169576291,228.42961603749924
229.3633943946264,12.377525379303984,89.33921634832288
244.75778314680042,12.377525379303984,246.53627447018368
228.7897009980641,10.80163854427015,315.02649627220546
245.2831611740774,10.80163854427015,154.32997735439707
233.30373116954485,18.442729635575486,112.71798150664314
241.03421169440065,18.442729635575486,64.42662790543234
236.33410504087428,20.088988301542535,75.61546504144309
237.3950172312776,20.088988301542535,313.20024435779476
230.1994108168716,13.410849996947455,159.04524354879683
244.6119871135549,13.410849996947455,136.3498181313312
231.33341144130227,16.292390901063484,347.79747932439903
242.76963331735112,16.292390901063484,20.952937895703833
234.38369091488232,19.334483849236605,60.706384030254966
239.7331706205548,19.334483849236605,86.45186102460762
230.18011006800555,13.609250293134233,73.35633461602045
244.45324745115855,13.609250293134233,198.7383437141838
234.3077090539229,19.301819727189436,182.62141970124847
239.77287068398024,19.301819727189436,120.0376068106629
229.65367691952687,12.984104924342786,101.45890846987453
244.54975991699564,12.984104924342786,30.737265163663594
229.2366124147651,11.531722384617334,318.00344202523956
245.1800874946548,11.531722384617334,341.0019957636077
235.08822942103458,19.77812733538338,330.39080802092036
238.66887684444458,19.77812733538338,43.748830614747455
231.8160219458871,16.63902736838578,322.74746713789017
242.69955689462122,16.63902736838578,60.454727977376265
233.83716736426007,19.00033476878944,136.13638522168893
240.22271831578502,19.00033476878944,124.86562476270876
235.51018051176055,19.83552715439269,3.2378498536789335
238.68421471415422,19.83552715439269,152.16415361365804
232.48037412811598,17.427877575654254,31.465855026890384
242.1256083335046,17.427877575654254,174.27053428489327
232.04826146441846,17.146427037011865,281.7257365151515
242.21134585586822,17.146427037011865,347.2414470498207
233.0904813832714,18.196301792888946,98.54521952957866
241.33587010195407,18.196301792888946,241.24078816914894
231.93560007044735,17.091137581210297,276.5260209797674
242.20578509476832,17.091137581210297,243.27770985089504
230.57648541947225,14.25398415345412,312.01552425406356
244.2165250636896,14.25398415345412,16.598885272540578
233.06743219965537,18.382323497352345,310.46079516806884
240.97797188049296,18.382323497352345,216.30522025467553
228.63425517676797,9.725619922794529,20.016927644020353
245.69643237258978,9.725619922794529,274.6341611935553
231.06750138244516,16.104625046799395,33.42367412608897
242.79492641551784,16.104625046799395,357.66149753003043
229.52582875694213,11.91751740212281,312.57751065344917
245.14585233442224,11.91751740212281,171.7769705712222
228.54129793905634,9.737727565213751,192.2318356122596
245.63181454207606,9.737727565213751,153.2994756575589
228.46022898093946,9.431037915018276,59.715925632257246
245.713392489837,9.431037915018276,92.93406059729583
235.8601496294358,19.87353678709917,355.25049906514374
238.7161314332893,19.87353678709917,253.31990934978563
231.9725251394312,16.87673005704585,263.6992106071805
242.5131660086275,16.87673005704585,186.2623866652399
230.89613836866366,15.671342307938357,315.95263449392496
243.13775339111535,15.671342307938357,316.94052806985206
235.3901311177481,19.752774379184697,336.0343705765511
238.98107525351847,19.752774379184697,352.7993377437925
230.56172278216565,14.741582358919606,272.725022505058
243.79241209626304,14.741582358919606,221.98266843805837
232.68382315224022,18.097912164815185,113.755852844507
241.21401671260577,18.097912164815185,24.38420311076312
232.91006581166903,17.913756561082437,7.945343594970886
241.6875351209482,17.913756561082437,193.42321322558593
227.70649067687953,5.330060947588399,52.91816737127639
246.53921302747122,5.330060947588399,59.70401282334591
233.1564320280423,18.174000944898484,178.00924520846098
241.4231643667987,18.174000944898484,122.7241783202902
235.0957470552225,19.55379142232589,196.55096247057557
239.54312031843153,19.55379142232589,109.19920521793595
227.75161693342767,4.820130657405987,250.51207609918166
246.67218788887982,4.820130657405987,43.28876470994562
229.10059939844743,10.602516931193684,318.15633846561025
245.5838756223958,10.602516931193684,171.04721211973356
232.67655286735192,17.914737732147675,51.521318376791164
241.51741392249903,17.914737732147675,152.18721302752314
230.49486047877585,14.322227484036107,149.03398491692522
244.10518776918627,14.322227484036107,223.17514871041843
228.79292341957725,10.8797037976438,79.10113455256554
245.24499531448657,10.8797037976438,73.37833715249754
235.76170845978183,19.834782242541362,16.03795748367865
238.85024849770065,19.834782242541362,77.5146587758647
235.96665232739565,20.03095005784735,230.23269060887677
237.78425032292643,20.03095005784735,235.14135184741
234.15337989848084,19.21196304198499,13.087628903917388
239.91126989378228,19.21196304198499,156.6037599423717
233.13791849762728,18.502996448904494,153.62072478545605
240.79620477455074,18.502996448904494,134.21169094315565
227.80081215000234,5.8498705072913735,302.9907401958925
246.47821061201995,5.8498705072913735,249.34141784002733
235.37333118252207,19.79549578959405,143.88671271679928
238.7816217599546,19.79549578959405,39.254359173492915
228.60256060658804,9.020326953033027,181.49470165101445
245.97299155820613,9.020326953033027,325.9371837333774
233.27389357338816,18.242588094268932,291.4543047819695
241.38579523829836,18.242588094268932,312.01065441510707
232.31466573635873,17.468976109884252,134.56159417129933
241.94716248990682,17.468976109884252,172.43646975459092
233.428258548405,18.59348918841529,294.37084602269505
240.8259905379612,18.59348918841529,54.362290053026136
228.97157098187026,10.452634444742698,326.15632186743545
245.57465862940595,10.452634444742698,80.08704661404083
234.67690124803613,19.53186745364947,303.19725606314387
239.32386104502368,19.53186745364947,234.6724417295901
233.18631984707042,18.15784131034199,231.15014472649827
241.47326699999002,18.15784131034199,341.75984132061944
236.96593658330227,20.089012178306692,242.88047457610892
237.49762762035067,20.089012178306692,68.39558949630596
229.57658073719173,12.88342816979634,310.69069628907124
244.56729373560484,12.88342816979634,120.21261561101505
233.5260748797001,18.608219770300618,156.73525879138714
240.86701003372033,18.608219770300618,165.36555346435995
235.11212628758574,19.79072597445726,296.0360801435358
238.6293741434983,19.79072597445726,112.12180711671115
230.2407817492738,14.26859698507303,25.776684447935846
243.9774119458512,14.26859698507303,224.8657475402099
232.58604563244995,17.614888683131348,183.97485442232798
241.92470406038413,17.614888683131348,171.97555790954274
228.2037732176071,6.501427772550117,34.82028240892438
246.56121938401577,6.501427772550117,194.73060164040817
236.3259552221407,20.017279566805904,131.87077507459801
238.0703827394835,20.017279566805904,315.4069714768295
236.81927271831879,20.100161285508328,41.722701969941205
237.31143332873083,20.100161285508328,351.6805130006091
230.69197017146033,15.041255075674094,271.00408629435395
243.61079067664383,15.041255075674094,28.171154090045626
229.49159575539218,11.764697459315208,54.720116596021164
245.21301872261472,11.764697459315208,44.98426261499616
235.1765911583744,19.760352506706532,152.89466095416728
238.8051585968571,19.760352506706532,174.70284418365637
233.397519273581,18.613110994073356,12.434229602664285
240.76354144050836,18.613110994073356,214.93125374096084
236.67998130564766,20.070642717755863,352.35139672384236
237.7080617157559,20.070642717755863,199.49758132527887
228.21927867578918,6.022600879553686,342.70779917116516
246.69458868617508,6.022600879553686,76.46232530259546
235.9593674167037,20.025449006765605,61.07828299884749
237.82321586459688,20.025449006765605,267.99603187645647
232.04243375559628,17.285870135028457,40.40578829160582
242.0146734586354,17.285870135028457,339.6195197292928
230.7354961577202,14.893139709213301,344.94470241169114
243.7758723414789,14.893139709213301,118.62351891197123
235.9229247626056,20.00241857819026,49.243956647022294
237.97376610049886,20.00241857819026,339.615970686129
233.97728085729918,17.888192933424286,288.8467741504049
239.9552938570038,17.888192933424286,76.20591232679203
232.9616194956339,16.608503507223034,20.402847824854526
241.6411632145508,16.608503507223034,137.31026760533632
230.68955019995272,13.421895263184842,351.4471619287091
243.59266495529766,13.421895263184842,323.1818393306862
235.9394406530637,18.77013266984935,152.88581998025762
238.15957648089343,18.77013266984935,257.45234892513116
232.54325624236532,16.249097615214044,321.89490288700745
241.87111447318517,16.249097615214044,247.3897584303982
235.01529790346774,18.399451154700277,324.24633000515144
239.21465426337394,18.399451154700277,119.15722720213931
232.44841678710029,16.311584800431675,126.51569353984488
241.719248321958,16.311584800431675,176.22428409411242
232.6559096776756,16.75946078704113,163.0464319500329
241.19848220399132,16.75946078704113,113.98232482050045
231.53977692611608,15.131114308825449,89.07369882372257
242.5524598543277,15.131114308825449,287.11589079384396
228.68548516366516,6.993673772935105,353.06778849163703
245.70977449348993,6.993673772935105,148.59066653920257
235.77749500617622,18.668846999905487,109.93416468427827
238.6065229067047,18.668846999905487,297.53852407202396
235.7816846824307,18.75623517008777,99.06734296820596
238.16384833903516,18.75623517008777,105.30660582024545
229.61313064697507,11.124040998500872,270.2143878233446
244.47944985079405,11.124040998500872,155.34567001973272
235.21703181905815,18.58524182401013,193.0369221447672
238.65641802345607,18.58524182401013,175.7959997780483
234.3499245719732,18.018873704232806,256.4998602061286
239.88446552629833,18.018873704232806,23.951390212338836
236.4801395979101,18.862399461636347,18.577608665843485
237.71205557869712,18.862399461636347,351.3930956240573
231.85011901070908,15.268090864200305,60.9066979249034
242.61202843920077,15.268090864200305,331.042834618326
229.69120864341897,11.277820114368234,127.65198472100423
244.43895983405403,11.277820114368234,17.095675552686433
232.3466585335783,16.181492729997377,263.307226099769
241.82854757435516,16.181492729997377,43.87326203694044
229.7407526114497,10.430431079566688,153.7495898872675
244.94704390577874,10.430431079566688,288.8380485613639
235.3104419028158,18.610805334793387,324.84482683722393
238.60520699459283,18.610805334793387,261.8144310459582
232.90840582303406,17.01874816543364,172.52944048546777
240.94956789855712,17.01874816543364,23.59118367677798
232.76657766855027,16.468153121346994,130.7741880176046
241.7147143474912,16.468153121346994,278.6953695609612
233.81758907410455,17.45723113302913,63.49136307959881
240.77475389018247,17.45723113302913,291.7351518587311
235.76722291257317,18.722823739535404,137.62079102015764
238.33469744774962,18.722823739535404,235.5566356087169
231.29585632814207,14.021954031864405,245.6956329514329
243.48342353305597,14.021954031864405,79.58331468711658
232.46020673863163,16.55927024915127,40.10175782262889
241.36987682081323,16.55927024915127,106.08798079867071
234.98648893565533,18.501942488587257,23.87066591516811
238.8387233056897,18.501942488587257,340.68320369908815
234.34993687158078,18.141059206036836,120.2126261115422
239.5625322864464,18.141059206036836,347.69776257409677
234.90008409971816,18.335839145895537,249.36617867914248
239.34864912946634,18.335839145895537,103.53480680636333
234.97077600268906,18.334811522324454,58.70023353077542
239.39683249257692,18.334811522324454,124.5921447108923
228.7481997275162,5.62880874104814,262.63876029628193
246.13047912372693,5.62880874104814,166.40037236089356
229.51201496299498,10.252986685928034,267.2242472327056
244.8933664780049,10.252986685928034,143.22674865877488
231.3259950768162,14.608360934747797,204.3757648826092
242.95129588186322,14.608360934747797,201.50963884728998
231.74862244204135,15.275877816927599,217.61848733416923
242.5343369316256,15.275877816927599,53.95159504414217
229.27292175796427,8.816348313470732,58.51954624570683
245.4109141020823,8.816348313470732,291.0938565766308
235.29868627907564,18.515117399628235,336.8951866013015
238.97865339793233,18.515117399628235,150.2482160672147
229.60686095892711,10.20386701110127,26.445619210242945
244.97919323333383,10.20386701110127,109.23490376342647
230.01077746230473,12.155619769388144,240.65572506828514
244.0878790124604,12.155619769388144,43.59410788103641
236.03926423197547,18.77736919385594,90.96197787163725
238.16192245353727,18.77736919385594,60.42090009313692
232.44973139430374,16.00969252820217,87.77607938555315
242.12753473182434,16.00969252820217,28.754033375508083
234.15698265213763,17.928695917295904,75.85832876934579
239.9792357211844,17.928695917295904,257.04676229475325
234.87846490028787,18.2995913533381,341.6186822983177
239.44787838409857,18.2995913533381,306.48322188552214
233.88541715038872,17.763816774322567,309.9534097160385
240.17899756186114,17.763816774322567,91.07617649414743
237.09951002475253,18.888257711948846,52.2004828335567
237.41630700608903,18.888257711948846,334.30540672783945
231.66210193332032,15.05222464815677,164.68571266780936
242.7207760490297,15.05222464815677,145.06062253047955
236.77565352309463,18.901659060241737,56.60339192068106
237.31227256924348,18.901659060241737,227.2337957020671
231.72388039393945,15.323607443064219,316.95666882034146
242.4637943645601,15.323607443064219,44.520023736837665
232.14449265800505,15.846062938297395,210.72777635397074
242.1279803871747,15.846062938297395,262.4302208271189
231.23637808600492,14.232951640717278,153.55159363845596
243.2512285010115,14.232951640717278,263.3540999727876
233.64094560309854,17.382397987276025,137.36781411776838
240.79912153988198,17.382397987276025,154.08525372355717
229.72310219385682,11.086522430284782,279.91168034120784
244.57226881895983,11.086522430284782,51.47286487547571
231.93509219042804,15.27097626513213,211.724989344169
242.66653659852028,15.27097626513213,133.6126880909258
232.60899098529347,16.12815642537113,344.8122222931281
242.0803216289222,16.12815642537113,348.6978593480867
235.20037376904781,18.5842689495684,176.602136953231
238.65060090628793,18.5842689495684,331.5031371537598
234.5556223962194,18.305416261459836,107.9861747208437
239.22264938634564,18.305416261459836,165.42210578457374
229.48108473903756,10.472226711769228,205.74635003047962
244.7586027599001,10.472226711769228,193.03513404732303
235.88890417981727,18.677048910233985,86.22978795359026
238.6262202711731,18.677048910233985,272.1883177819567
228.46956926057814,5.275201289384286,347.4976811362642
246.0429078848861,5.275201289384286,308.9840930755722
231.48598175713926,15.23331108250463,143.8419853475565
242.40330625986468,15.23331108250463,91.81789502924542
232.08618984092394,15.75037491754929,358.63591874012576
242.20723029266645,15.75037491754929,208.52584394908948
231.23807351096673,14.791082935418823,269.0547989335089
242.7076894688596,14.791082935418823,72.30318117382109
232.2384288935092,15.976952915931264,228.93892337114153
242.02530220247942,15.976952915931264,328.606357245736
232.34880946878184,16.204484956920282,239.4155538916379
241.7987532160053,16.204484956920282,12.715980287665687
231.8498044372726,15.73717317808602,153.14939484492874
242.06186937713073,15.73717317808602,212.3341288383643
235.20886572669616,18.545864551677884,267.3579662691017
238.80748493444264,18.545864551677884,115.51823704264075
229.3267977384511,9.975263279924414,250.53017642236944
244.91575868807004,9.975263279924414,255.10044958672643
231.3850670150537,14.18900518044235,47.788124467113214
243.3914916398152,14.18900518044235,34.68873264630685
232.8110908381475,16.45198722834062,99.45157440847515
241.76874070243522,16.45198722834062,326.2352453946887
230.64426652803309,13.127321785277505,216.61906090983376
243.79774097265297,13.127321785277505,1.6940927973895192
229.17553776578563,8.8059400830525,313.37964074295587
245.35390171795797,8.8059400830525,357.77443925996636
230.05840425760002,11.973745153059072,60.468587848026715
244.24046020894738,11.973745153059072,325.3720265008536
236.4537775228358,18.866684870336222,162.8206224685418
237.66858924471418,18.866684870336222,168.89982181916727
230.32348447187954,12.413618776714722,21.829895234816238
244.11456790474716,12.413618776714722,5.480189199124097
229.56626982938297,9.862250315580718,227.74760147280725
245.12385067335836,9.862250315580718,141.89659728773304
235.81735603256996,18.68969322146706,256.6060452990657
238.52714574384666,18.68969322146706,104.80637213019698
231.68651840000496,15.236410615022383,89.06681342605759
242.53616975282003,15.236410615022383,49.723183625043454
229.67505635325378,10.54402925694817,265.55520754299016
244.84448323172705,10.54402925694817,218.82702755911123
232.06127007116834,15.88714180677845,230.90905424631083
242.01909951746845,15.88714180677845,147.98082756897165
233.7520679712489,17.598558010031592,4.695213165176213
240.44416134170598,17.598558010031592,280.4529544733329
231.7501363022248,14.905461867766796,104.97724394928792
242.93560792603296,14.905461867766796,130.26872155152594
233.28948542322246,17.16302061219808,143.20462045721146
240.96182215985775,17.16302061219808,132.98847079625887
232.35791443226577,15.934929277524324,235.283101586252
242.16123400135822,15.934929277524324,115.50708414666012
235.3452692720287,18.520163662503577,246.0684071809477
238.98743665445127,18.520163662503577,158.42615188619166
232.39190656217104,16.311914744122003,310.64583649237653
241.67995014647832,16.311914744122003,2.067412660730499
235.74139330221954,18.652658630728734,291.22851521044146
238.66259682527746,18.652658630728734,75.94101998070991
230.40274623660017,12.575546416389676,353.5523411428439
244.05160755949888,12.575546416389676,108.57097161077192
231.00259750215744,13.826346491482518,148.9371669554242
243.4601840554792,13.826346491482518,158.76750326886423
232.5491045787893,16.180781133169322,196.254330082242
241.96843184780153,16.180781133169322,99.8826876886887
231.93472068246618,15.331140646814461,201.33096287331782
242.59867033860456,15.331140646814461,110.85380836684925
235.02637993273834,18.382586272029194,267.2051431339179
239.27758509946105,18.382586272029194,23.044672904794854
230.38182587693754,13.03205068188502,126.95288627555543
243.69821297838402,13.03205068188502,89.72934184767814
235.62497421811278,18.6431574544412,17.666143528558866
238.642062126283,18.6431574544412,330.34180160330834
230.4165097190263,12.392016134309662,151.04834353256535
244.19059372050612,12.392016134309662,54.687189785478324
230.38586042919434,13.163374219546146,266.11244541329563
243.59863362598284,13.163374219546146,203.9417594741645
232.23612012507013,16.00765552773886,113.01094222964497
241.98384301534622,16.00765552773886,19.50123746453889
233.69577999893528,17.408301400743838,75.89314037316704
240.786862121644,17.408301400743838,96.37488174067906
230.21900322755857,12.572743167746209,203.89466193137113
243.93301931575726,12.572743167746209,104.5329721953123
233.19839173595602,17.270304055125198,314.1880516445795
240.70555109980506,17.270304055125198,62.390718810124405
236.36676989131826,18.874903984634013,266.55737163911937
237.57703794727595,18.874903984634013,165.30391511069558
231.86800010745304,6.062815090141515,322.10413096877255
242.96306192352185,6.062815090141515,201.89844396046138
233.2210186855489,10.485063065152696,110.81061990334082
240.84861081411123,10.485063065152696,238.9387975902772
232.6604193406929,9.337949276273248,184.62380276385713
241.55087328910884,9.337949276273248,44.01994389668926
235.98583782608077,12.816098789298085,339.0471695574976
238.38697036920536,12.816098789298085,224.08211536934823
232.18636942389935,8.257047794968424,41.66727921920503
242.03434008287098,8.257047794968424,215.31348854946884
235.47554864611953,12.567849121432076,271.89577065752064
238.89483838009355,12.567849121432076,0.6697327303774792
233.05011131335903,10.218879300723515,221.40171928342218
241.01424303308886,10.218879300723515,206.82312032079656
236.74191729506117,12.995621916389196,321.8181497028622
237.7530788925507,12.995621916389196,276.4907645939631
231.10899281059835,2.662553277803602,357.88841598958703
243.46089745394892,2.662553277803602,121.23270779164218
235.0395929287157,12.420089909122671,96.68960508493745
239.055871066662,12.420089909122671,226.17586920409144
236.43209976663073,13.05595521693736,146.84489322532028
237.53873893622946,13.05595521693736,123.95586031448049
231.64499156767417,6.943679650907961,298.4540158710709
242.44478777552146,6.943679650907961,300.1976642759379
233.81757045335925,11.248423455887197,32.090364160247155
240.31434364092667,11.248423455887197,225.80182597488087
231.013347441932,3.783160775126356,210.0631370059409
243.1854141579252,3.783160775126356,140.64741070814787
237.26748866155629,13.01869794331337,112.23113630260409
237.3686039943826,13.01869794331337,187.12197895950797
234.19876423647693,11.790768399845607,131.20174043065427
239.7691492959287,11.790768399845607,325.0382893517218
231.79266340063103,7.372291320111484,271.03071770447644
242.3145423798707,7.372291320111484,162.13094209827878
233.5165860643552,10.582498069692878,322.02563369652034
240.90989483081026,10.582498069692878,324.45104305129433
232.5573092086745,8.94595570322229,357.76686005259154
241.78515322088577,8.94595570322229,102.39988028570374
236.16348050729263,12.97047029219475,221.83752314386683
237.90221573439342,12.97047029219475,212.5483194922807
232.30582546005522,8.221989862309561,110.54337227494057
242.12471369780425,8.221989862309561,156.01284865579987
233.58714536968932,10.70321367225474,9.571276006877584
240.8208185138087,10.70321367225474,23.38700025997014
230.7508557580338,2.2896055908563873,302.0232855858931
243.308563810173,2.2896055908563873,223.16579850368655
233.04817490945683,10.056309067274142,206.81058361083785
241.16394546334718,10.056309067274142,315.81839548475483
232.75774437149366,9.752699585920139,70.6693433923471
241.26870104453076,9.752699585920139,118.7366273019275
235.00599867817797,12.295510442649805,128.89587960473435
239.28727344403336,12.295510442649805,305.4408642229946
231.67026903067188,6.154310603054987,27.51439682433023
242.81139882556357,6.154310603054987,94.68487031078342
235.0847815698682,12.330600377487391,273.2285987193988
239.25157575039867,12.330600377487391,226.34264473651743
234.07980519967126,11.022519621787003,116.09915789531215
240.7240846465395,11.022519621787003,223.1689851159858
234.9964484965741,12.034841812629624,161.13241546460537
239.75177198752257,12.034841812629624,57.984308773594464
234.81226557690553,12.257925421626028,145.01374748636394
239.27715265578672,12.257925421626028,44.899794861838686
234.1854504707923,11.525585246336485,349.20658798134895
240.14086530286852,11.525585246336485,316.158861045115
237.04183744741175,13.046098237989469,337.3133116799546
237.35665261999767,13.046098237989469,226.2864687768329
231.73391808922224,7.30374734470463,235.62093739153974
242.31630160754378,7.30374734470463,211.81459423369668
234.27381897740585,11.51056428460775,93.38998986482605
240.20550837576184,11.51056428460775,263.7868801037001
235.4958854187648,12.586655610999628,348.12759114826133
238.85800677237245,12.586655610999628,46.24014235274716
235.93966568167662,12.80822453452342,307.03056428860623
238.40141004728062,12.80822453452342,60.18154688534371
232.05326754720556,7.0695549364220005,336.44296567034496
242.6193169185303,7.0695549364220005,265.6611821624188
232.72427551217115,9.040832321412086,77.88480510986561
241.81124779372178,9.040832321412086,334.2035465330871
235.34889184678775,12.676418821252089,131.66570431610234
238.59812512192144,12.676418821252089,20.067025490925417
236.0051128927675,12.851729150136993,265.26592084495155
238.2826392236598,12.851729150136993,180.67857207739718
236.01225709072534,12.920369624773098,227.1286740771791
238.06468054619114,12.920369624773098,265.8375985372159
235.81728717754638,12.841757965556413,118.17169140257319
238.2792575067617,12.841757965556413,74.28463488005177
236.0129095726041,12.858722750836856,21.193993690263863
238.26224463580752,12.858722750836856,150.03236250439966
233.5058116926929,10.969754244298569,93.80183195640448
240.48249420702695,10.969754244298569,356.78781213798726
232.7260505141949,9.725681580137072,106.23370602840818
241.2737701371958,9.725681580137072,136.9572808756712
232.80726151265884,9.000529926311167,40.86814721388935
241.8876991981084,9.000529926311167,334.0110990496834
231.46117110337372,4.7313348662095684,323.49785741415974
243.19329788779726,4.7313348662095684,295.0692495068753
235.2283867373134,12.395511029529183,19.089452463336674
239.17854666859,12.395511029529183,325.2634256962456
236.49824667960607,12.97202545711225,61.007450265356034
237.8905570959136,12.97202545711225,343.0549328193665
231.89594937076623,7.651177800029926,70.38771514355327
242.22376837800098,7.651177800029926,217.93866187540814
232.1153474870693,7.329785487776747,47.530688330933756
242.5230198549321,7.329785487776747,141.86570770005434
235.81208022264744,12.777903982083911,164.77205490856244
238.46092103853667,12.777903982083911,172.45401996962693
231.0446086248256,2.910705188979261,6.299456364666036
243.3818314669017,2.910705188979261,336.514933098172
234.88934902540038,12.144833624306242,254.18762351115183
239.5143827471419,12.144833624306242,238.60844455210056
233.39696636429494,10.017753148394295,199.32927838815954
241.3921768282994,10.017753148394295,126.94984907596715
235.65426635393996,12.591892320526544,65.51726182923274
238.89583732545142,12.591892320526544,213.95338448121996
231.61664633474942,5.459561433921354,204.95879965392024
243.0457956455474,5.459561433921354,302.7986840133151
234.07739131320392,11.624996434812193,293.2196368603938
239.94929882398898,11.624996434812193,339.33279176386264
234.60830368233485,11.735362130497682,137.01442102817867
240.0487806620192,11.735362130497682,55.0927327848369
234.55091694601919,11.830856129614677,93.55723185376922
239.8771124234381,11.830856129614677,252.47448897590186
233.1660157596638,10.254657977751952,258.9470208939519
241.0442877210101,10.254657977751952,140.5295950361117
235.51787634609408,12.621406938218586,327.8698638777996
238.78310036597756,12.621406938218586,143.31494428543056
235.10187739250162,12.542613237438246,346.29608693952105
238.82182546695452,12.542613237438246,59.425888528809026
231.18600746588243,4.555751634522454,275.4309756574251
243.0851069960542,4.555751634522454,0.18447754027588914
233.30902470025313,10.064163911052496,177.12901243103207
241.3012831828842,10.064163911052496,240.99876460458722
232.359514047666,8.61881277162227,109.15643190753286
241.8993266785764,8.61881277162227,343.88901733944397
231.8188400270303,5.955536754817227,230.01178374345375
242.9773940196788,5.955536754817227,125.53670264653974
235.23612161610023,12.605509849000542,23.858786042211026
238.72845841552603,12.605509849000542,98.53581586712966
232.7260200954268,8.941389750803369,93.01466693761306
241.8843177812296,8.941389750803369,92.93806123818607
235.4019567745321,12.53351829863543,276.91215281342363
238.94774487403782,12.53351829863543,353.3521860992948
231.37707140982178,3.295906702216039,205.17550488735486
243.50196974187463,3.295906702216039,232.52384756338066
232.9218704727544,9.808186321150657,53.65389091276026
241.31324123304964,9.808186321150657,226.4859699433113
234.44379820284172,11.985238764338279,320.43530534740853
239.58376726562508,11.985238764338279,53.12551734844599
233.39724769805963,10.300075101939592,19.42860575948771
241.127777474219,10.300075101939592,247.40529898228573
233.13788986709102,10.320820589328244,235.86474699253822
240.9652013180279,10.320820589328244,302.31399208968037
230.73932767008577,2.238142305598606,124.79968668233936
243.30884952299624,2.238142305598606,47.01518539946942
230.82967031153254,1.5444482632276995,125.86981426912492
243.43956035722945,1.5444482632276995,349.57285886043576
234.8492463548252,12.22032637181869,248.57638205017756
239.36177281847625,12.22032637181869,97.46015571331219
236.72122254236996,13.073992304795253,141.38547949223454
237.36387456999242,13.073992304795253,221.41971082594543
236.65132272492446,13.002084930738281,143.99556144168105
237.74232179463857,13.002084930738281,65.59207562856128
236.80923298654332,12.981610481444593,200.97400363348018
237.80283024011675,12.981610481444593,213.7258379958952
235.4965183347274,12.509332924655409,76.1582842802758
239.0340597671896,12.509332924655409,342.3749198425612
231.16065267211508,2.080446169002434,286.38815776144094
243.57358736642175,2.080446169002434,269.2480123506187
234.07554874082717,11.58275711204122,234.67329985376978
240.00729102490976,11.58275711204122,87.6594226603162
235.03023368535023,12.279802745257147,320.8117800959497
239.32703340380374,12.279802745257147,192.17413229047798
234.47264616582012,12.059761995512739,268.0588807963326
239.47478468590262,12.059761995512739,350.9051056516458
236.44904388905394,12.913198220412763,239.25035661006092
238.11834548205417,12.913198220412763,27.279791813331514
233.13881541367314,10.238588077361785,17.9184076231848
241.04458248692524,10.238588077361785,147.08690080084497
235.30941917143238,12.4288052236773,295.40214858216615
239.14047941451173,12.4288052236773,136.74361921625874
236.11354256828054,12.916648436393563,70.66099990158257
238.08755087296743,12.916648436393563,18.385002374343582
237.05956702749302,13.033667025374617,157.30023270274407
237.42373576936194,13.033667025374617,207.62320960932135
233.887050053139,10.99689076740561,144.0251464008818
240.65301841083186,10.99689076740561,305.9459129922851
236.65867086623533,13.02451992899854,194.11114378976254
237.63681377119067,13.02451992899854,293.6539664413749
231.3829391240807,5.5291417246306285,263.45411584264497
242.88547348514345,5.5291417246306285,97.68662747887278
231.5729916750182,5.192136902546515,220.65795606448728
243.11241656763858,5.192136902546515,344.2585940183455
235.58644669426903,12.659294021742296,261.82112613053533
238.71202536211803,12.659294021742296,23.162212468375994
236.2404435808162,12.865746024340723,194.83838697777622
238.26966072925444,12.865746024340723,83.09982370909553
232.97410364389174,9.389001239061766,70.95110539988261
241.68792013663767,9.389001239061766,181.56160788654927
231.21015338644713,3.3912581522025063,31.961893837420508
243.3858278253398,3.3912581522025063,204.08199753781344
234.39018894640273,1.7137959754459469,328.310205857201
239.68898801411888,1.7137959754459469,80.71042690359565
235.73244895715482,4.589575008720291,337.7965924236793
238.74064627596997,4.589575008720291,160.41364333361096
235.00103285622356,4.053501648303036,137.3745543760564
238.97262409159038,4.053501648303036,213.7051035425085
235.3795994021653,4.042180647299582,346.59124153629756
239.0687087508275,4.042180647299582,33.996759220492685
235.39522922818392,4.619037658312779,136.94065941344988
238.66638673330496,4.619037658312779,157.01936007440847
235.20660865909917,3.1578731494893217,62.70994751256444
239.4939094520793,3.1578731494893217,8.244308312400221
236.165877486738,4.976977632609719,160.69662871947372
238.41690881068453,4.976977632609719,14.713049189767645
234.87297415409705,1.2751186453722219,16.342583872245577
239.93721987184682,1.2751186453722219,171.84248384484135
234.79801195870945,2.852605149575763,343.59475997262604
239.49696424124645,2.852605149575763,151.91225748072418
236.90167157611305,5.6697875498148,309.77214618822023
237.23531909855257,5.6697875498148,187.8863069254845
235.3843320212082,4.5497461065733455,48.98014766118681
238.71800803766772,4.5497461065733455,216.1390667847328
235.81375326439976,5.186424099266365,124.63690274174377
238.19409938202665,5.186424099266365,245.47834690719813
236.04135096782693,4.832951808677484,236.8934073112277
238.5562466275065,4.832951808677484,50.53874837146487
235.12741719445742,4.290336097459898,233.37428001646256
238.85156853322485,4.290336097459898,136.62414630670227
236.88819328218236,5.509419569991903,45.89962110071451
237.5557012108256,5.509419569991903,50.816056364491644
235.06253422216153,3.950385066163072,256.4334619764363
239.0496453508137,3.950385066163072,74.1170593771443
235.07907931914852,3.9134018682536116,294.0956721189034
239.07542846015505,3.9134018682536116,134.39347097782888
235.45143313365443,3.7860275027628285,180.6058758165785
239.23905841222123,3.7860275027628285,207.51391555889762
235.65760555545944,4.723210338258396,169.21033773279532
238.62028453780385,4.723210338258396,145.2754963811087
235.4189376999257,4.113462631453621,321.1900376686711
239.03165486032228,4.113462631453621,223.1256357343871
235.59530645173345,4.374280206067204,226.6516887436628
238.8857370014613,4.374280206067204,6.029392845026638
236.91830068833883,5.663342719396619,149.23076509779435
237.23660160546754,5.663342719396619,351.5269445128653
236.95168355678288,5.429845359605937,328.18323265143493
237.66306028035967,5.429845359605937,200.50983052585804
235.85169404079062,4.425088957546934,167.49038600504954
238.88688868334938,4.425088957546934,326.35089387675436
235.44457442530015,3.465436240529983,239.38553437759506
239.41106382051046,3.465436240529983,173.19911148201246
235.39826310063103,3.826061574126863,342.40483044401043
239.2036045716497,3.826061574126863,166.92562716379922
237.18172631514827,5.495325154794375,17.06433980841181
237.38635992506605,5.495325154794375,209.49653449157188
236.78224624858765,5.604824704407645,275.82020966857027
237.43903822509765,5.604824704407645,105.12220212925
236.06501657524262,4.964037373031832,179.3777948672005
238.42923867085403,4.964037373031832,359.0603619856288
235.54422553953808,3.886348143372868,31.633807042004506
239.20061039274472,3.886348143372868,328.75880604404114
235.20761631003964,3.2613921646367037,40.108122469329324
239.44757840138894,3.2613921646367037,269.10029886439867
236.06540512251215,4.6590118624585815,108.06806234549207
238.7164398657621,4.6590118624585815,200.02132296796475
236.69908291659928,5.65746952262368,132.724172720127
237.3862120502789,5.65746952262368,177.4356138128257
235.4914518910973,4.389235601170347,68.04164542963568
238.85655722758787,4.389235601170347,353.53952276784213
235.21733630361393,4.450417758517903,63.5079519107
238.75968670790127,4.450417758517903,107.65489537107
236.36853301910935,5.469488671381309,21.690506849668687
237.80465010244598,5.469488671381309,145.00194555704385
234.9679912348943,3.60647844185323,119.83165918300412
239.21370765599096,3.60647844185323,38.70253848165933
235.52840995758436,3.864036704038168,282.9750599548903
239.21058287770586,3.864036704038168,5.31793367358079
235.5810887413437,4.959281791491353,239.83210285611673
238.4030800362309,4.959281791491353,97.37246819771917
237.09381330208214,5.625761957057913,174.64865308523565
237.17336482241564,5.625761957057913,340.2379786796198
234.34953044983772,1.3839046258517373,129.3240684821716
239.73607668264827,1.3839046258517373,274.49301943902015
236.93084383441274,5.501463050768769,131.70392226767768
237.54664420433798,5.501463050768769,183.85623762611343
234.6347982579874,3.052155892566368,125.5422773311509
239.36761383753316,3.052155892566368,249.8184030843213
235.03655527411436,4.11741960222197,175.46757319555127
238.94208920207848,4.11741960222197,62.57382178542253
237.02474943729663,5.687804017885661,108.53971171124584
237.09253400486358,5.687804017885661,77.45673415913352
234.9012388165496,3.662087415004291,102.36087719418289
239.16645590150875,3.662087415004291,275.2352620610769
236.76654149639535,5.454466531333183,278.3317028917992
237.70639207134184,5.454466531333183,301.6198801676486
234.68281451235228,0.7432662949382298,73.59335840043623
239.9369528007217,0.7432662949382298,137.61599112708342
236.4810680144484,5.497464405302203,270.2554408128806
237.7362632557026,5.497464405302203,222.1488066445353
235.40346067897303,3.9597938601845803,312.81456030904303
239.12507634386895,3.9597938601845803,85.56830079652818
236.30820982920082,5.419419131337511,236.0141545482762
237.8853218812907,5.419419131337511,305.7323291740183
235.73584080409483,5.1513881664077275,328.3721472586991
238.22794449250898,5.1513881664077275,96.31358537934139
236.59942638355602,5.534791667551882,230.98675044091308
237.6408164134334,5.534791667551882,329.7156305110051
235.5846882712739,4.929840136242855,168.56565989475823
238.4304150349409,4.929840136242855,291.94300544945446
235.60319885676802,4.489059148626351,216.49879916935382
238.80110531551875,4.489059148626351,257.37901281932153
235.1419881213192,3.3484651576856104,5.156220971184915
239.3889066076846,3.3484651576856104,320.09320205662857
234.76644663733782,3.01537455877181,154.1046981613901
239.423752535909,3.01537455877181,303.9085760411606
236.1961106359698,5.286063251386322,157.37581310604025
238.06995283316755,5.286063251386322,218.34134747564394
234.5454397956856,1.707051520159238,100.1446986746594
239.74512047356643,1.707051520159238,187.69235769131598
234.86699417704165,3.4531548776398857,142.37733269325128
239.26126080276583,3.4531548776398857,76.65152111669147
236.29532530278962,5.508223023978041,349.427926934717
237.76545292232325,5.508223023978041,296.49012131555446
236.26083395921628,4.8418149414782174,150.24610510772604
238.5537681234675,4.8418149414782174,93.78088925660269
236.15389174242583,4.782383313165719,91.92845067373685
238.6088982558169,4.782383313165719,154.48749188187492
236.36857861894157,5.213192590956003,76.34187100492412
238.14058214653102,5.213192590956003,174.8359891257118
235.03472205516488,2.6448207355572824,215.9362022481448
239.646049072378,2.6448207355572824,120.04034371243742
234.80532988512604,3.3500482984623967,161.06737253002228
239.2916068834985,3.3500482984623967,167.6588114460586
235.1527206777603,3.9706481795165773,140.06883901667945
239.0599630737033,3.9706481795165773,136.67868735466723
234.9746288689425,3.8421804738266925,325.73075028119825
239.08906657327913,3.8421804738266925,286.70459315009737
236.97922803809985,5.504282694373364,92.14815711972531
237.51298319603978,5.504282694373364,199.86671696296017
235.63188124583013,4.678352710298342,76.24990860704001
238.6545247970507,4.678352710298342,100.90073374163447
236.03365262768898,4.9531038180320435,107.83652294250972
238.43942068192518,4.9531038180320435,230.1233281781579
235.8001946192997,4.35866151394005,266.0978643626438
238.93009859739357,4.35866151394005,318.5747634971419
235.1574346932433,2.857731584156746,270.95025579567
239.60420588854083,2.857731584156746,175.070539316431
236.8728023073996,5.6625539167988155,19.685311260328415
237.271050941601,5.6625539167988155,138.3376785323763
235.73466279068376,5.054567432089138,42.04269223993158
238.3252204957309,5.054567432089138,107.19870625575672
234.61170609187874,2.122611137025408,351.59141576372383
239.6693892421898,2.122611137025408,50.675660992307414
234.7059218968743,1.5704784122611513,11.021621736793866
239.82825339484924,1.5704784122611513,303.81039899757593
235.23934508723238,4.3723067653618815,139.95742784770815
238.81959519508325,4.3723067653618815,177.01131300092183
237.05483207138278,5.430353692873938,172.3480851597918
237.6047403018138,5.430353692873938,99.2252699446143
235.8546979327935,4.512485389191514,72.18775035650462
238.81846401636386,4.512485389191514,347.5447842131309
237.11622326311294,5.506961597000098,8.86788081477997
237.41408399652082,5.506961597000098,345.0814181786118
235.00764292749255,2.3343984534018345,72.96939278235773
239.73914267091826,2.3343984534018345,353.0943058476591
235.30004930299424,4.0598241935378905,352.00200473246525
239.0399186959385,4.0598241935378905,185.62467360686048
234.86494790543097,2.9758350226275256,133.45112225659273
239.4699857309471,2.9758350226275256,267.5024593474419
235.41419058880132,3.7684221653600134,294.77577796769134
239.24048071962488,3.7684221653600134,277.50688952080645
234.7567559892489,3.197948073201418,18.66487658791834
239.34471079927542,3.197948073201418,108.44650653588666
235.57290203389516,4.634709195216388,139.6236113663021
238.68195312661155,4.634709195216388,204.97208432357985
235.73358297993886,4.9049232240804095,351.25813683779376
238.46777547147644,4.9049232240804095,135.94452219616298
236.44495145371457,5.529375857719868,143.86519635355273
237.69851756087644,5.529375857719868,161.2812462625069
236.4591381984479,5.325006733031651,67.58360618388595
237.98439200878198,5.325006733031651,160.89264073903573
235.76371054672364,4.198628207032612,47.366208998397184
239.04003611630588,4.198628207032612,288.2248832341211
235.59551385015092,4.761304113340065,118.37294225746064
238.58009104122812,4.761304113340065,320.50112822655154
234.57118101501644,1.3525951592785423,333.7282196382595
239.82031154085547,1.3525951592785423,4.935580584767858
236.87398970010614,5.505119131311167,26.809929655456266
237.5709041592567,5.505119131311167,181.8585818775175
236.06334266778833,4.81820158716624,51.42374102670403
238.57123515753608,4.81820158716624,79.5585889849898
234.92963770151766,2.0353162087956003,270.54079272728495
239.79821577398295,2.0353162087956003,205.49335762772697
236.9819208661355,5.512699813906235,70.64672674988498
237.49539566181417,5.512699813906235,185.76353413190608
235.50964654755637,3.7722278772238447,155.7482084677772
239.26029688236628,3.7722278772238447,25.565153203360136
236.38134486450588,4.972310884157288,281.2235312572275
238.41607366745254,4.972310884157288,26.72409942299741
236.28172037833383,5.298624688403769,54.852111902548344
238.0455334556829,5.298624688403769,318.2448305238973
